项目,结果,学年,学期,学位,国家,分数制,GPA
Big Data@SFU,Reject,2024,Fall,Master,加拿大,4.0,3.6
Big Data@SFU,Reject,2023,Fall,Master,加拿大,4.0,3.74
Big Data@SFU,Reject,2023,Fall,Master,加拿大,4.0,3.94
Big Data@SFU,Admit,2023,Fall,Master,加拿大,4.0,3.3
Big Data@SFU,Admit,2023,Fall,Master,加拿大,4.0,3.73
Big Data@SFU,Admit,2023,Fall,Master,加拿大,4.0,3.44
Big Data@SFU,Admit,2023,Fall,Master,加拿大,100,90.9
CS MEng@McMaster,Admit,2024,Fall,Master,加拿大,4.0,3.21
CS MEng@McMaster,Admit,2024,Fall,Master,加拿大,4.0,3.85
CS PhD@UofT,Admit,2024,Fall,PhD,加拿大,4.3,3.69
CS PhD@Waterloo,Admit,2023,Fall,PhD,加拿大,4.0,3.68
CS PhD@Waterloo,Reject,2023,Fall,PhD,加拿大,100,91.63
CS PhD@Waterloo,Admit,2023,Fall,PhD,加拿大,100,90.67
CS PhD@Waterloo,Admit,2022,Fall,PhD,加拿大,100,88.42
Cybersecurity@SFU,Admit,2023,Fall,Master,加拿大,4.0,3.95
Cybersecurity@SFU,Admit,2023,Fall,Master,加拿大,100,86.5
Cybersecurity@SFU,Admit,2023,Fall,Master,加拿大,100,91.67
ECE MASc@UofT,Reject,2023,Fall,Master,加拿大,4.0,3.73
ECE Meng (Co-op)@Waterloo,Reject,2024,Fall,Master,加拿大,5.0,4.7
ECE Meng (Co-op)@Waterloo,Reject,2024,Fall,Master,加拿大,100,93.05
ECE Meng (Co-op)@Waterloo,Reject,2024,Fall,Master,加拿大,4.0,3.85
ECE Meng (Co-op)@Waterloo,Reject,2023,Fall,Master,加拿大,4.0,3.74
ECE Meng (Co-op)@Waterloo,默拒,2023,Fall,Master,加拿大,4.0,3.95
ECE Meng (Co-op)@Waterloo,Reject,2023,Fall,Master,加拿大,100,88.8
ECE Meng (Co-op)@Waterloo,Reject,2023,Fall,Master,加拿大,4.0,3.92
ECE Meng (Co-op)@Waterloo,Reject,2023,Fall,Master,加拿大,4.0,3.94
ECE Meng (Co-op)@Waterloo,Reject,2023,Fall,Master,加拿大,4.0,3.73
ECE Meng (Co-op)@Waterloo,Reject,2023,Fall,Master,加拿大,100,86.5
ECE Meng (Co-op)@Waterloo,Reject,2023,Fall,Master,加拿大,100,90.9
ECE Meng (Co-op)@Waterloo,Admit,2023,Fall,Master,加拿大,4.0,3.7
ECE Meng (Co-op)@Waterloo,Admit,2023,Fall,Master,加拿大,100,91.2
ECE Meng (Co-op)@Waterloo,Reject,2023,Fall,Master,加拿大,4.3,3.55
ECE Meng (Co-op)@Waterloo,Reject,2023,Fall,Master,加拿大,4.0,3.73
ECE Meng (Co-op)@Waterloo,Reject,2023,Fall,Master,加拿大,100,90.52
ECE Meng (Co-op)@Waterloo,Reject,2023,Fall,Master,加拿大,4.0,3.3
ECE Meng@UBC,Reject,2024,Fall,Master,加拿大,5.0,4.7
ECE Meng@UBC,Reject,2024,Fall,Master,加拿大,4.3,3.7
ECE Meng@UBC,Reject,2024,Fall,Master,加拿大,4.3,3.7
ECE Meng@UBC,Reject,2023,Fall,Master,加拿大,100,86.5
ECE Meng@UBC,Admit,2023,Fall,Master,加拿大,4.0,3.94
ECE Meng@UBC,Reject,2023,Fall,Master,加拿大,4.0,3.7
ECE Meng@UBC,Reject,2023,Fall,Master,加拿大,4.0,3.74
ECE Meng@UBC,Reject,2023,Fall,Master,加拿大,100,90.52
ECE Meng@UBC,Reject,2023,Fall,Master,加拿大,100,90.9
ECE Meng@UBC,Admit,2023,Fall,Master,加拿大,4.0,3.95
ECE Meng@UBC,Admit,2023,Fall,Master,加拿大,4.0,3.92
ECE Meng@UBC,Reject,2023,Fall,Master,加拿大,4.0,3.5
ECE Meng@UBC,Reject,2023,Fall,Master,加拿大,4.0,3.3
ECE Meng@UBC,Admit,2022,Fall,Master,加拿大,100,90.11
ECE MEng@UofT,Admit,2024,Fall,Master,加拿大,100,93.05
ECE MEng@UofT,Admit,2023,Fall,Master,加拿大,4.0,3.73
ECE MEng@uOttawa,Admit,2024,Fall,Master,加拿大,5.0,4.7
ECE MEng@uOttawa,Admit,2023,Fall,Master,加拿大,4.0,3.73
ECE MEng@uOttawa,Admit,2023,Fall,Master,加拿大,100,87.6
ECE Meng@UVic,Admit,2024,Fall,Master,加拿大,100,87.0
ECE Meng@Waterloo,Admit,2024,Fall,Master,加拿大,5.0,4.7
ECE Meng@Waterloo,Admit,2024,Fall,Master,加拿大,4.0,3.21
ECE Meng@Waterloo,Admit,2024,Fall,Master,加拿大,4.0,3.85
ECE Meng@Waterloo,Admit,2023,Fall,Master,加拿大,4.0,3.92
ECE Meng@Waterloo,Reject,2023,Fall,Master,加拿大,4.0,3.7
ECE Meng@Waterloo,Admit,2023,Fall,Master,加拿大,4.0,3.94
ECE Meng@Waterloo,Admit,2023,Fall,Master,加拿大,100,88.0
ECE Meng@Waterloo,Admit,2023,Fall,Master,加拿大,100,88.0
ECE Meng@Waterloo,Admit,2023,Fall,Master,加拿大,英制100,71.0
ECE Meng@Waterloo,Admit,2023,Fall,Master,加拿大,4.0,3.73
ECE Meng@Waterloo,Admit,2023,Fall,Master,加拿大,100,86.5
ECE Meng@Waterloo,Admit,2023,Fall,Master,加拿大,100,86.5
ECE Meng@Waterloo,Admit,2023,Fall,Master,加拿大,100,90.52
ECE Meng@Waterloo,Admit,2023,Fall,Master,加拿大,4.3,3.55
ECE Meng@Waterloo,Reject,2023,Fall,Master,加拿大,4.0,3.3
ECE-MASc@UBC,Reject,2023,Fall,Master,加拿大,4.0,3.68
ECE-MASc@UBC,Admit,2023,Fall,Master,加拿大,4.0,3.73
MCS@uOttawa,Reject,2024,Fall,Master,加拿大,5.0,4.7
MCS@uOttawa,Reject,2023,Fall,Master,加拿大,4.0,3.3
MEng S&T@McMaster,Admit,2023,Fall,Master,加拿大,100,87.6
MINT@UAlberta,Admit,2023,Fall,Master,加拿大,100,87.6
MSc CS@McGill,Reject,2023,Fall,Master,加拿大,4.0,3.68
MSc CS@McGill,Admit,2023,Fall,Master,加拿大,4.0,4.0
MSc CS@McGill,Reject,2022,Fall,Master,加拿大,100,88.42
MSc CS@McMaster,Admit,2023,Fall,Master,加拿大,其他,3.46
MScAc@UofT,Reject,2024,Fall,Master,加拿大,4.0,3.89
MScAc@UofT,Reject,2024,Fall,Master,加拿大,4.3,3.7
MScAc@UofT,Reject,2024,Fall,Master,加拿大,4.0,3.92
MScAc@UofT,Reject,2024,Fall,Master,加拿大,4.3,3.7
MScAc@UofT,默拒,2024,Fall,Master,加拿大,100,92.0
MScAc@UofT,Admit,2024,Fall,Master,加拿大,100,93.5
MScAc@UofT,Reject,2023,Fall,Master,加拿大,4.0,3.74
MScAc@UofT,Admit,2023,Fall,Master,加拿大,100,86.5
MScAc@UofT,Reject,2023,Fall,Master,加拿大,4.0,3.7
MScAc@UofT,Admit,2023,Fall,Master,加拿大,4.0,3.92
MScAc@UofT,Admit,2022,Fall,Master,加拿大,100,88.42
MSCS@UBC,默拒,2024,Fall,Master,加拿大,100,92.0
MSCS@UBC,Admit,2023,Fall,Master,加拿大,100,93.0
SYDE@Waterloo,Admit,2023,Fall,Master,加拿大,4.0,3.37
SYDE@Waterloo,Admit,2023,Fall,Master,加拿大,100,87.6
SYDE@Waterloo,Admit,2023,Fall,Master,加拿大,4.0,3.3
Visual Computing@SFU,Admit,2024,Fall,Master,加拿大,4.0,3.6
Visual Computing@SFU,Admit,2024,Fall,Master,加拿大,4.0,3.21
